# Frequency, Real(S11), Imag(S11), Amp(S11), Phase(S11), Real(E0), Imag(E0), Amp(E0), Phase(E0), Real(E1), Imag(E1), Amp(E1), Phase(E1), Real(E2), Imag(E2), Amp(E2), Phase(E2), Real(I0), Imag(I0), Amp(I0), Phase(I0), Real(I1), Imag(I1), Amp(I1), Phase(I1), Real(I2), Imag(I2), Amp(I2), Phase(I2), Real(S21), Imag(S21), Amp(S21), Phase(S21), Real(ZL1), Imag(ZL1), Amp(ZL1), Phase(ZL1), Real(ZL2), Imag(ZL2), Amp(ZL2), Phase(ZL2), Real(J4avg), Imag(J4avg), Amp(J4avg), Phase(J4avg), Real(Icavg), Imag(Icavg), Amp(Icavg), Phase(Icavg) 
6.000000000000000000e+09,-7.218869712465993960e-01,-1.289339013412897118e-02,7.220021044046475156e-01,-3.123733875281619721e+00,-3.659745700300785387e+01,-7.946069952557358818e+01,8.748357919164315888e+01,-2.002407937001698279e+00,5.614815659992165031e+00,-1.297640325364782541e+02,1.298854506672086018e+02,-1.527553870618061138e+00,-5.885013922581082824e+01,-3.387143129541104969e+01,6.790149295042833444e+01,-2.619342149911584539e+00,3.011322615918580395e-06,-7.205614622090442351e-07,3.096332139477862653e-06,-2.348679106748262080e-01,-7.126986182361485467e-06,8.551707875387472348e-06,1.113218934574577069e-05,2.265573451807614269e+00,4.107075990769914376e-06,-7.869140873589886560e-06,8.876454882573429526e-06,-1.089765490926628555e+00,-1.509955095795757340e-04,3.412835008987624686e-05,1.548043545674762406e-04,2.919305399010719171e+00,1.611981038862854732e+01,-8.624414846718378991e-01,1.614286505796972193e+01,-5.345100053452121747e-02,1.617052572104701369e+01,-8.769761613750207685e-01,1.619428878594744248e+01,-5.417992573390813249e-02,4.206364357986913184e-21,1.086644927766409064e-20,1.165217666430564727e-20,1.201462917573003608e+00,-4.201877762420119566e+00,1.040208011045974518e-01,4.203165123735106867e+00,3.116841919487083334e+00,2.919305399010719171e+00
6.140000000000000000e+09,-7.223386125113363532e-01,-1.317573749375260464e-02,7.224587678084520848e-01,-3.123354286823735393e+00,-5.254965170899914995e+01,-8.229086065906456327e+01,9.763837177435262049e+01,-2.139104545304869376e+00,-2.000725811030875878e+00,-1.435121967999619415e+02,1.435261423369343277e+02,-1.584736578935078688e+00,-7.281444984471649207e+01,-2.330854024446899331e+01,7.645411796964741313e+01,-2.831791092126149767e+00,4.568487538019096223e-06,-3.507616923651438290e-07,4.581933232803228188e-06,-7.662817886310729909e-02,-8.469864719759197775e-06,1.044658147599826972e-05,1.344877960655507744e-05,2.252075118316356317e+00,3.897619179264582570e-06,-1.015468690614563809e-05,1.087699873257401756e-05,-1.204311508521853424e+00,-2.286122770247382718e-04,1.459472849262135946e-05,2.290776709027071711e-04,3.077838643793886053e+00,1.608701389631062284e+01,-8.793452970612010144e-01,1.611102927349940472e+01,-5.460746580566567393e-02,1.614185151300842591e+01,-8.972403778361385251e-01,1.616676871126793813e+01,-5.552758492159162035e-02,1.058288029548519648e-20,2.014046908110882071e-20,2.275161203422010878e-20,1.086993866928392061e+00,6.896991869713116508e+00,-1.504930876055939670e+00,7.059271477468147538e+00,-2.148337593894579511e-01,3.077838643793886053e+00
6.280000000000000000e+09,-7.228195137268899062e-01,-1.341827423815957106e-02,7.229440500536040703e-01,-3.123030989267575386e+00,-7.099933669641545464e+01,-8.171175730152083361e+01,1.082484045731557671e+02,-2.286160932954128366e+00,-1.263876285398904642e+01,-1.575102745689168557e+02,1.580165336958602893e+02,-1.650865654915110614e+00,-8.531429363456851434e+01,-7.354302357110602095e+00,8.563068644782184435e+01,-3.055602761885630958e+00,6.643317943227804391e-06,-2.343178592365313686e-07,6.647448995966024180e-06,-3.525659397163077857e-02,-9.691356220527343318e-06,1.295460860820438769e-05,1.617851258876777068e-05,2.213080995371793591e+00,3.046105256702316045e-06,-1.280779837394497741e-05,1.316504676871818270e-05,-1.337302206091773416e+00,-3.322625481912399583e-04,7.340511712975318192e-06,3.323436234422805745e-04,3.119503742717026018e+00,1.605224522335932136e+01,-8.932225201031265271e-01,1.607707756967296575e+01,-5.558738429625284527e-02,1.611131120124948168e+01,-9.150700481821050225e-01,1.613727677821097117e+01,-5.673579084269106398e-02,-5.544582431548907636e-21,-3.961840096096680218e-22,5.558718927029067185e-21,-3.070259635172773116e+00,-1.948936053720591532e+00,2.763471791096889230e-01,1.968430721385407312e+00,3.000737764326622425e+00,3.119503742717026018e+00
6.420000000000000000e+09,-7.233261458225026530e-01,-1.361554625651438186e-02,7.234542807464060532e-01,-3.122771353450993992e+00,-9.132648952222018579e+01,-7.671823885888565542e+01,1.192737014687698291e+02,-2.442907229169545946e+00,-2.665036881007363334e+01,-1.711976198648826539e+02,1.732595371259943420e+02,-1.725227042838741287e+00,-9.445754080852209711e+01,1.411063117843189829e+01,9.550569055217259518e+01,2.993303280198037264e+00,9.281091670237703303e-06,-5.715684901174793444e-07,9.298674805059635768e-06,-6.150650925936621688e-02,-1.062158094575550330e-05,1.613964133602659222e-05,1.932112844123796513e-05,2.152848276749025569e+00,1.334478322512724525e-06,-1.569309592874057127e-05,1.574973308414813198e-05,-1.485964396878726390e+00,-4.643551311621187724e-04,2.232727036429631769e-05,4.648915947169930370e-04,3.093547339802250384e+00,1.601577813892685498e+01,-9.036853052651604434e-01,1.604125295998662182e+01,-5.636492280168280133e-02,1.607912825543834856e+01,-9.301327831306100968e-01,1.610600858217485865e+01,-5.778281914876656766e-02,6.259928022269427813e-22,6.540265582220438964e-21,6.570155315851916589e-21,1.475373344650784180e+00,9.396881364610235821e+00,7.607245716203387964e+00,1.209014337248545345e+01,6.805370725781046959e-01,3.093547339802250384e+00
6.560000000000000000e+09,-7.238540386935699011e-01,-1.376221451320706543e-02,7.239848533507449169e-01,-3.122582527350443282e+00,-1.125738954574156310e+02,-6.638758076066525859e+01,1.306912117080218820e+02,-2.608762952492530651e+00,-4.429668139356718370e+01,-1.838898911188414900e+02,1.891499089034477379e+02,-1.807179815478658247e+00,-9.813358328515306539e+01,4.055556534491354626e+01,1.061835865321454691e+02,2.749700097102163898e+00,1.247208136582773462e-05,-1.617257711713271383e-06,1.257649935800592520e-05,-1.289507050144213518e-01,-1.105163446838025880e-05,2.002641680146289893e-05,2.287347796747591378e-05,2.075060930730449726e+00,-1.440328790921617201e-06,-1.858099330078781804e-05,1.863673413100802823e-05,-1.648157868063104603e+00,-6.245981629650931063e-04,7.227117503374493046e-05,6.287654474604398910e-04,3.026396654335924641e+00,1.597795360842265389e+01,-9.103573353393801249e-01,1.600386678246581340e+01,-5.691430770626384333e-02,1.604558401592629835e+01,-9.421054124522736384e-01,1.607321775564312460e+01,-5.864698036959935246e-02,3.833643076222711288e-21,3.519509146797504371e-21,5.204206363151026487e-21,7.427031365452401168e-01,1.398592138728327106e+00,-9.195203190680876659e+00,9.300958105938358145e+00,-1.419853040600742133e+00,3.026396654335924641e+00
6.700000000000000000e+09,-7.243977021320339160e-01,-1.385319626502634627e-02,7.245301525132880061e-01,-3.122471240298593909e+00,-1.334394112210926835e+02,-4.997814885031993981e+01,1.424917254774346986e+02,-2.783226963351706384e+00,-6.571514036522728475e+01,-1.947878393305140605e+02,2.055742737413212637e+02,-1.896173475295296118e+00,-9.421811382239785360e+01,7.067291922283102679e+01,1.177782428283217229e+02,2.498028145269976630e+00,1.612354375739859263e-05,-3.671320317109125174e-06,1.653624069030096793e-05,-2.238822256339920991e-01,-1.074002356493592568e-05,2.458563218109998237e-05,2.682911507895327733e-05,1.982653896665449000e+00,-5.431905959802920899e-06,-2.114151379506034359e-05,2.182817463515603540e-05,-1.822287379211739555e+00,-8.085964762369491493e-04,1.722059193019745329e-04,8.267303913764446205e-04,2.931758642016615291e+00,1.593918459321395353e+01,-9.128838875816391862e-01,1.596530496071889083e+01,-5.721043621697301934e-02,1.601102223596008756e+01,-9.506829630904672923e-01,1.603922164996540189e+01,-5.930714874030904027e-02,4.820656437216963479e-22,2.131166116245924679e-21,2.185007162434840003e-21,1.348341845489758439e+00,-2.541209024862848498e+00,2.261595114271261198e-01,2.551252914286105344e+00,3.052829691928213851e+00,2.931758642016615291e+00
6.840000000000000000e+09,-7.249505616348300707e-01,-1.388384885810411973e-02,7.250834973117028515e-01,-3.122443552206473516e+00,-1.522982740191161213e+02,-2.704037486403434443e+01,1.546801413950390724e+02,-2.965875005474836179e+00,-9.088594961186412036e+01,-2.029949641050506557e+02,2.224122552578007230e+02,-1.991756871530583339e+00,-8.084338963799206113e+01,1.023157401836524087e+02,1.304000166314746423e+02,2.239493868265956422e+00,2.003083841291702046e-05,-7.057672312509827155e-06,2.123782535937142094e-05,-3.387582268236580818e-01,-9.424357794555769582e-06,2.971929062628626229e-05,3.117779266031305485e-05,1.877877771837404008e+00,-1.070356450957843478e-05,-2.295030771706664649e-05,2.532356447103677104e-05,-2.007188059164784377e+00,-1.006396115206729469e-03,3.384491454609953520e-04,1.061781976097953255e-03,2.817176147316734713e+00,1.589995972614189945e+01,-9.109445918963871014e-01,1.592603338381656286e+01,-5.722969556011298781e-02,1.597585258900828897e+01,-9.555903466670100377e-01,1.600440623254627326e+01,-5.974348762787970446e-02,4.336518007491419245e-21,5.845068629242525737e-21,7.278064008364617716e-21,9.324926086553699811e-01,-3.681937838485584091e+00,-2.972587388057087221e+00,4.732118133152209971e+00,-2.462390176167839950e+00,2.817176147316734713e+00
6.980000000000000000e+09,-7.255049250251823789e-01,-1.385020016797478166e-02,7.256371161127912472e-01,-3.122504543343897598e+00,-1.672617358436354493e+02,2.466743391885725778e+00,1.672799243794290476e+02,3.126845918087246989e+00,-1.196007136765721555e+02,-2.075444429416297112e+02,2.395391961827892260e+02,-2.093581184918362759e+00,-5.671831351812013366e+01,1.325223299426159258e+02,1.441496965718600620e+02,1.975197322739043804e+00,2.385158590588959345e-05,-1.208968980272960592e-05,2.674058244975705985e-05,-4.691297084845706955e-01,-6.838754244003837164e-06,3.524769417038816672e-05,3.590499274389421835e-05,1.762435237734436999e+00,-1.718463110366864657e-05,-2.350961825224257489e-05,2.912067472665001873e-05,-2.202001185756670587e+00,-1.201169267383630406e-03,5.869037959072777484e-04,1.336885812086170341e-03,2.687098170505294981e+00,1.586084482112677208e+01,-9.042690729067832667e-01,1.588660130412038818e+01,-5.695101558080055415e-02,1.594055211090279478e+01,-9.565970157216283631e-01,1.596922914391596571e+01,-5.993839950180927106e-02,-8.341934802267515975e-22,1.534853815966545022e-21,1.746898680187229654e-21,2.068635658355169493e+00,7.136344647915709993e-01,-1.838939762282974233e-01,7.369471784540636561e-01,-2.521998416581172076e-01,2.687098170505294981e+00
7.120000000000000000e+09,-7.260519991410476770e-01,-1.374922348070025009e-02,7.261821717744343374e-01,-3.122657948747915135e+00,-1.762757107756345079e+02,3.806443446302817080e+01,1.803386463863065501e+02,2.928921139605015878e+00,-1.514351338814462622e+02,-2.074350139011924909e+02,2.568304591863657151e+02,-2.201397902080714175e+00,-2.146923150532053981e+01,1.576523788308106191e+02,1.591075122438990093e+02,1.706144565423055148e+00,2.708801413637608615e-05,-1.902189228327889322e-05,3.309974162873746234e-05,-6.122179782913231838e-01,-2.736859917294018875e-06,4.089997030084806717e-05,4.099143779885190713e-05,1.637612655807051398e+00,-2.462904526646918986e-05,-2.228664853258905431e-05,3.321572780405304031e-05,-2.406080852034002238e+00,-1.368295259188181175e-03,9.306660884129799773e-04,1.654802491066159880e-03,2.544303404053791962e+00,1.582248100306038197e+01,-8.926552458803977963e-01,1.584764141694922479e+01,-5.635715302110018421e-02,1.590566332462100974e+01,-9.535344349484806692e-01,1.593421958286085527e+01,-5.987770277422252430e-02,-1.895432767716914309e-21,-7.026018877666767400e-22,2.021463526662872979e-21,-2.786613418203041981e+00,4.264739528956546621e+00,1.607171436455562263e+00,4.557521615527801551e+00,3.603924928942436323e-01,2.544303404053791962e+00
7.260000000000000000e+09,-7.265819770939009326e-01,-1.357914629347467539e-02,7.267088568689262784e-01,-3.122905752357949538e+00,-1.772594056496751023e+02,7.866222145841936708e+01,1.939294768106423987e+02,2.723932532726442091e+00,-1.857273529450040712e+02,-2.016748384068777398e+02,2.741667194945410415e+02,-2.315052527379447334e+00,2.404187875649637007e+01,1.736557350378590741e+02,1.753120824292529676e+02,1.433225193260338370e+00,2.908370491762765294e-05,-2.798865581426856304e-05,4.036368102670058168e-05,-7.662134872934426300e-01,3.080305622523379785e-06,4.631034049543596647e-05,4.641266981688691476e-05,1.504379733592669632e+00,-3.258325242538201178e-05,-1.877082329123931542e-05,3.760335285113676279e-05,-2.618941038155521372e+00,-1.475147340142955038e-03,1.376975860209828182e-03,2.017949998075133609e-03,2.390601397034274100e+00,1.578557821543719264e+01,-8.759894999916379987e-01,1.580986518600904667e+01,-5.543616772504030010e-02,1.587178771189102910e+01,-9.463156685643241417e-01,1.589997353821399884e+01,-5.955200113337896090e-02,-2.307493404297920163e-21,4.695936902437566090e-21,5.232241317308799789e-21,2.027524860550054431e+00,5.640162588192183968e+00,-1.878964804342771577e+00,5.944908978041768322e+00,-3.215767102318206616e-01,2.390601397034274100e+00
7.400000000000000000e+09,-7.270842145596546624e-01,-1.333977306410378746e-02,7.272065762953685564e-01,-3.123247768182130457e+00,-1.682797346381457828e+02,1.225004993096800234e+02,2.081452411682901698e+02,2.512348617645893789e+00,-2.215630726205151007e+02,-1.893320228735131252e+02,2.914392046970004913e+02,-2.434475265962611878e+00,7.747626347231401667e+01,1.764821800791240491e+02,1.927395426141501105e+02,1.157124776669720800e+00,2.904145482719055726e-05,-3.893297731000140591e-05,4.857141979292795795e-05,-9.299021557483792000e-01,1.073319202019715058e-05,5.102229238428578268e-05,5.213900393266033959e-05,1.363456686680577512e+00,-4.037162890763461889e-05,-1.254921899519033215e-05,4.227707792699259920e-05,-2.840218511401495061e+00,-1.481921844371905054e-03,1.923653669454795413e-03,2.428278359833058609e-03,2.227206229286180061e+00,1.575090305941139768e+01,-8.542674345984663242e-01,1.577405211214895075e+01,-5.418300665763087914e-02,1.583957331855099859e+01,-9.349557505186708584e-01,1.586714294286090521e+01,-5.895816498458471278e-02,1.850457631044295703e-21,-7.584950561484334115e-22,1.999877044843427905e-21,-3.890081365047013406e-01,-6.913342913425488234e+00,5.856079048345893767e+00,9.060241280401211128e+00,2.438802600047758506e+00,2.227206229286180061e+00
7.540000000000000000e+09,-7.275475078122615180e-01,-1.303279286073654418e-02,7.276642287577310686e-01,-3.123681247158279994e+00,-1.477535136713820805e+02,1.671417905454783863e+02,2.230862589873877937e+02,2.294701567600341718e+00,-2.577681392399435367e+02,-1.695905591146451172e+02,3.085536766075570085e+02,-2.559670594505869978e+00,1.349129427318853516e+02,1.626180603593899718e+02,2.112963219548016127e+02,8.782471668648901275e-01,2.606856264643327088e-05,-5.153134261669680522e-05,5.774988511097150736e-05,-1.102457535433114533e+00,2.023131229581307029e-05,5.450235535003286760e-05,5.813615687256918859e-05,1.215360705690720078e+00,-4.710789152979232068e-05,-3.395953382428721337e-06,4.723013808743637624e-05,-3.069628300081272965e+00,-1.343828961698994998e-03,2.555320098380224787e-03,2.887133021439594518e-03,2.054944349102926004e+00,1.571926033785661936e+01,-8.276133005651449270e-01,1.574103202920902866e+01,-5.260106658201887941e-02,1.580969564962490992e+01,-9.195908932187731866e-01,1.583641764871903312e+01,-5.810079621605437200e-02,4.628998262650011587e-22,-8.238583782708807279e-22,9.449967601020089057e-22,-1.058886937038421516e+00,-2.534738193504393333e-01,7.579233726168718155e-01,7.991850948654088960e-01,1.893535343201115051e+00,2.054944349102926004e+00
7.680000000000000000e+09,-7.279604763482004914e-01,-1.266203562713786625e-02,7.280705887970766454e-01,-3.124200557012164925e+00,-1.146664711232239142e+02,2.095220670691303440e+02,2.388470141927135444e+02,2.071546035366900629e+00,-2.929091640469712274e+02,-1.418110415085666034e+02,3.254322508240999241e+02,-2.690707828993941231e+00,1.909332698675135873e+02,1.297076470381418858e+02,2.308237146449037880e+02,5.967217645674325333e-01,1.925441383971169800e-05,-6.512417696930994252e-05,6.791090397160739957e-05,-1.283328753073583295e+00,3.144200622693224718e-05,5.616446010614576230e-05,6.436650009585176055e-05,1.060444797085065893e+00,-5.173992052916184868e-05,8.632826969009382221e-06,5.245517207903182188e-05,2.976265203917836555e+00,-1.014895715111450991e-03,3.239864353757759916e-03,3.395104467214782405e-03,1.874366629798941419e+00,1.569146833277963538e+01,-7.962959374151653558e-01,1.571166018148846000e+01,-5.070356816018593837e-02,1.578283165175889735e+01,-9.004940895279338609e-01,1.580849975655619311e+01,-5.699350315411863543e-02,-4.031665078362996211e-22,-1.017902167369379082e-21,1.094836999455259789e-21,-1.947915280551575812e+00,1.855017416499724625e+00,3.101972887911605414e-01,1.880774301581850994e+00,1.656876768015725088e-01,1.874366629798941419e+00
7.820000000000000000e+09,-7.283120397411744218e-01,-1.223363716896956437e-02,7.284147782069856358e-01,-3.124796986165901291e+00,-6.879584696017346346e+01,2.460701802234733861e+02,2.555061685247154344e+02,1.843413810205551506e+00,-3.253031732718928879e+02,-1.055963975011146658e+02,3.420127975763138011e+02,-2.827714275163492275e+00,2.389376997902694484e+02,7.719026026811587826e+01,2.510967157517684427e+02,3.124726243805367454e-01,7.782786623905022216e-06,-7.866451711204263016e-05,7.904858012705909525e-05,-1.472180822742835460e+00,4.406297524681997277e-05,5.540511618293621242e-05,7.079034317508659229e-05,8.989357060946361333e-01,-5.313323838686989680e-05,2.311065683159599723e-05,5.794172486786823003e-05,2.731318927489415849e+00,-4.535131570024795999e-04,3.925788650726602311e-03,3.951897103132639803e-03,1.685808057307767172e+00,1.566832866666585033e+01,-7.607388903051823803e-01,1.568678574042131935e+01,-4.851455264385540894e-02,1.575962744976252417e+01,-8.780843861060999567e-01,1.578407075327628384e+01,-5.565978191917467927e-02,-4.274540106832990582e-22,1.114650689412908416e-21,1.193801947836369600e-21,1.936986785018324220e+00,5.037876653538698513e+00,3.101958564784633721e-01,5.047417423360849753e+00,6.149510240693659840e-02,1.685808057307767172e+00
7.960000000000000000e+09,-7.285919630514526846e-01,-1.175607498924423691e-02,7.286868009799011281e-01,-3.125458719210626679e+00,-1.092092238378091018e+01,2.729007052467503058e+02,2.731191342068260610e+02,1.610792919156786684e+00,-3.530384756977540519e+02,-6.086371600797227899e+01,3.582465034711333942e+02,-2.970871159464072875e+00,2.717187218346504096e+02,6.863387812615065364e+00,2.718053897326586821e+02,2.525379426544165085e-02,-8.922194888984311557e-06,-9.070003794204259688e-05,9.113782115195087098e-05,-1.668851209945120040e+00,5.760138389595608014e-05,5.164908600285874458e-05,7.736632026702580807e-05,7.309689352021122577e-01,-5.019515266186504534e-05,3.917455589070647376e-05,6.367259363322670511e-05,2.478889747341097127e+00,3.703115617045755516e-04,4.541182094678286423e-03,4.556255641396644504e-03,1.489431166093267311e+00,1.565059249160693966e+01,-7.215226331155378814e-01,1.566721545930997550e+01,-4.606931733607550622e-02,1.574066153244340072e+01,-8.529271994739995311e-01,1.576375305206681965e+01,-5.413329622190129337e-02,-1.223646696820855052e-21,-3.054398835343423437e-21,3.290389564168329530e-21,-1.951835220380513825e+00,-4.125120887549453386e+01,-6.759070637128758108e+00,4.180128310910294687e+01,-2.979184344218659408e+00,1.489431166093267311e+00
8.100000000000000000e+09,-7.287914297550101006e-01,-1.124004533399845969e-02,7.288781014020534466e-01,-3.126171020184475680e+00,5.699792127391275187e+01,2.860836552791562326e+02,2.917063949374957588e+02,1.374136303316078722e+00,-3.740108945717801134e+02,-7.923485349849488379e+00,3.740948153589841922e+02,-3.120410649535751979e+00,2.822896458996903561e+02,-7.673151691928165974e+01,2.925323398718620069e+02,-2.654058935828553789e-01,-3.102243952204362693e-05,-9.940523648762559887e-05,1.041335334801408958e-04,-1.873299004754645614e+00,7.136270661436636966e-05,4.440488275137741803e-05,8.405016066309275741e-05,5.566136712113738394e-01,-4.203711537713908071e-05,5.549842675702175264e-05,6.962179573765253117e-05,2.219046487043000226e+00,1.466279561861398573e-03,4.995165475420036867e-03,5.205924882320214081e-03,1.285276866005683027e+00,1.563892559655950620e+01,-6.793774526669799085e-01,1.565367520865040696e+01,-4.341414423653531390e-02,1.572640613284765010e+01,-8.257235215685583274e-01,1.574806874474898244e+01,-5.245737478185490826e-02,1.302651049453471686e-21,-4.341507672121658268e-22,1.373093822472864871e-21,-3.217047821579533395e-01,7.162945622068018992e+00,8.881387773880652148e+00,1.140994473144984767e+01,8.920972602120950112e-01,1.285276866005683027e+00
8.240000000000000000e+09,-7.289035888588818457e-01,-1.069816704988426487e-02,7.289820934903580296e-01,-3.126916640018006621e+00,1.316969903922831406e+02,2.819925369865870266e+02,3.112296390039302878e+02,1.133876627171463092e+00,-3.859820418889310645e+02,5.243341555829027101e+01,3.895271488970401492e+02,3.006574944387113923e+00,2.649358589115501559e+02,-1.662113498389967390e+02,3.127574493956973356e+02,-5.602978156809881316e-01,-5.807760420373209685e-05,-1.026812475990360429e-04,1.179679902284509849e-04,-2.085545610322847576e+00,8.445319037675197340e-05,3.332907200707001716e-05,9.079189614532990455e-05,3.758819280017721698e-01,-2.816657133773829035e-05,7.032470099093638544e-05,7.575565530301028275e-05,1.951752395548562502e+00,2.814330951950717776e-03,5.182688649900344877e-03,5.897518151639187349e-03,1.073323753767052802e+00,1.563387561598048947e+01,-6.351665556562731130e-01,1.564677293659537938e+01,-4.060525030535661745e-02,1.571719044424015621e+01,-7.972868184528362212e-01,1.573739945897646564e+01,-5.068361337164140057e-02,5.873393916463265308e-22,3.452423468227154022e-22,6.812927704145502822e-22,5.314059933654841084e-01,1.788819234383014933e+00,3.677638752149717583e+00,4.089608910961042731e+00,1.118084330128952253e+00,1.073323753767052802e+00
8.380000000000000000e+09,-7.289240166346850902e-01,-1.014451881072307542e-02,7.289946044304743689e-01,-3.127676437763894146e+00,2.085774401641249653e+02,2.577277313499297406e+02,3.315541163252247543e+02,8.904141036631914030e-01,-3.866689217423556784e+02,1.188434294604769264e+02,4.045202291200321838e+02,2.843404714779278919e+00,2.164087802264541835e+02,-2.516535295023274159e+02,3.319070036472272136e+02,-8.605555984376656031e-01,-8.886497442290555888e-05,-9.833958688620037197e-05,1.325430421717119450e-04,-2.305626623963723087e+00,9.580075064112390923e-05,1.829760844045289842e-05,9.753248842330916287e-05,1.887235539789956507e-01,-8.690714409116091514e-06,8.157265831230756396e-05,8.203430441636778579e-05,1.676935502584288473e+00,4.355501811600267364e-03,4.993513337638023214e-03,6.626127940511112452e-03,8.535362318732629960e-01,1.563584468050918552e+01,-5.898602985067120663e-01,1.564696692796280608e+01,-3.770699480338839116e-02,1.571316988061415820e+01,-7.685077422980012285e-01,1.573195194014436105e+01,-4.886956981805486155e-02,-5.213299361720525289e-22,2.385000719285999975e-22,5.732950258454225976e-22,2.712532540034573003e+00,-1.621314512769609140e+00,-8.391100548498030554e-01,1.825586599826859668e+00,-2.664004440006395580e+00,8.535362318732629960e-01
8.520000000000000000e+09,-7.288510360102278263e-01,-9.594040127493121822e-03,7.289141775951064606e-01,-3.128430175129026214e+00,2.818061400979002542e+02,2.116020911277798859e+02,3.524062223720328575e+02,6.440629287650393442e-01,-3.738759919663425535e+02,1.892802738917069689e+02,4.190588019041435928e+02,2.672945732398116281e+00,1.371204166328885776e+02,-3.213979474189961252e+02,3.494261714049489456e+02,-1.167539520517706153e+00,-1.212429155479331913e-04,-8.438112528661555884e-05,1.477160075117073138e-04,-2.533578214924928851e+00,1.042000646645316352e-04,-5.191726115905895978e-07,1.042013580347837874e-04,-4.982418362112812568e-03,1.549710433464014778e-05,8.703874262873284346e-05,8.840759560778427989e-05,1.394594432752043422e+00,5.984858449958638076e-03,4.325978500857142507e-03,7.384620549217103813e-03,6.258781308060876736e-01,1.564507041695392431e+01,-5.445038524523585499e-01,1.565454288047984832e+01,-3.478949902673278416e-02,1.571430565008501290e+01,-7.403083679372987058e-01,1.573173412386351444e+01,-4.707566680095850303e-02,2.123155785295910671e-21,-2.834403716124424940e-21,3.541417077190350271e-21,-9.278931711706293051e-01,-1.436015315496744904e+01,-5.260642006604403065e+00,1.529340880758022436e+01,-2.790439311935724032e+00,6.258781308060876736e-01
8.660000000000000000e+09,-7.286858496004769981e-01,-9.061849429225690006e-03,7.287421934559895620e-01,-3.129157415090408456e+00,3.445976150675681424e+02,1.436570206792963518e+02,3.733428128419076302e+02,3.949757660041935958e-01,-3.456806234977077565e+02,2.609822367175191857e+02,4.331360309923929890e+02,2.494911440860373641e+00,3.212216665344973165e+01,-3.634106294161003916e+02,3.648275197447668461e+02,-1.482634622448922634e+00,-1.521069874613966918e-04,-5.936973907678149884e-05,1.632828881194431944e-04,-2.769462623100764187e+00,1.083880813929782470e-04,-2.258417283399808236e-05,1.107159475895264848e-04,-2.054247680226239658e-01,4.259098565102031935e-05,8.469555599241950471e-05,9.480152563957230352e-05,1.104854116215207682e+00,7.548953352199926081e-03,3.105569157921102275e-03,8.162797100768908257e-03,3.902872102989205505e-01,1.566161707379116308e+01,-5.001818697141099390e-01,1.566960214137096585e+01,-3.192594457916808626e-02,1.572035838345030356e+01,-7.135892979171710726e-01,1.573654591675753167e+01,-4.536154772066153251e-02,5.689294461324125566e-22,-1.382217250251212634e-22,5.854792566312267883e-22,-2.383329664169026585e-01,-4.250618904494663397e+00,-4.305124495911506699e+00,6.049946941630539143e+00,-2.349823932835446882e+00,3.902872102989205505e-01
8.800000000000000000e+09,-7.284324649374505078e-01,-8.562549446334482423e-03,7.284827885598059716e-01,-3.129838434062100827e+00,3.897231257724502598e+02,5.614876156460861267e+01,3.937471246715185202e+02,1.430888479113082978e-01,-3.006788507664904841e+02,3.304215612498649079e+02,4.467506904718287046e+02,2.309101002523348711e+00,-8.841956203208519582e+01,-3.671892957019485948e+02,3.776850511048045291e+02,-1.807098576933436895e+00,-1.774985355342310835e-04,-2.287802517172848486e-05,1.789668521055084614e-04,-3.013408032701222261e+00,1.071553398508557768e-04,-4.693436378788433286e-05,1.169833379705241132e-04,-4.128325809170186877e-01,6.986072533924852861e-05,7.307881944970899665e-05,1.010991335130479097e-04,8.079080333353190202e-01,8.850803259505130027e-03,1.307222783091294962e-03,8.946817855701522798e-03,1.466352856468937094e-01,1.568537678865026663e+01,-4.579844116505323304e-01,1.569206151922823089e+01,-2.918988401279839009e-02,1.573089844860289510e+01,-6.891744531540120455e-01,1.574598766121506621e+01,-4.378224442040418857e-02,7.336969845186603717e-22,-8.492618641519765257e-22,1.122299861442861256e-21,-8.582744864291026454e-01,6.756670455293139810e+00,-5.005773394053601777e+00,8.408945410338095172e+00,-6.376283341000006377e-01,1.466352856468937094e-01
8.940000000000000000e+09,-7.280974198532812469e-01,-8.109596596390239442e-03,7.281425810608533888e-01,-3.130455048853330702e+00,4.102746494504262387e+02,-4.609173255048978746e+01,4.128555870896940974e+02,-1.118745179141099610e-01,-2.382881993009604003e+02,3.933507421866197546e+02,4.598978933468371793e+02,2.115462778033782243e+00,-2.095770705176930733e+02,-3.260516767277703138e+02,3.875980448657713850e+02,-2.142073954161772598e+00,-1.929262427642522253e-04,2.405151585840798587e-05,1.944196763761796569e-04,3.017565651719302799e+00,9.949524388631679039e-05,-7.215093156567281931e-05,1.229026463579692733e-04,-6.274193861415677809e-01,9.381390857769332427e-05,5.172325945788018808e-05,1.071277042205749538e-04,5.038705947662980300e-01,9.665457623200365139e-03,-1.021383605389552564e-03,9.719274434608821123e-03,-1.052828555161335472e-01,1.571607890012429642e+01,-4.189781680051531398e-01,1.572166272059660663e+01,-2.665289193312344457e-02,1.574533392267490761e+01,-6.677594768121855040e-01,1.575948739824394451e+01,-4.238459253185054149e-02,4.443440027740475886e-22,-2.934205656117261814e-21,2.967659755630991095e-21,-1.420502396513778631e+00,-5.528049421831542354e+00,3.147415337402296398e+00,6.361254099336644430e+00,2.624012078642162127e+00,-1.052828555161335472e-01
9.080000000000000000e+09,-7.276893469108485224e-01,-7.714804111894562645e-03,7.277302410990093007e-01,-3.130991268367068869e+00,4.006687699998549306e+02,-1.555581466700948852e+02,4.298067010280684030e+02,-3.703329488261999369e-01,-1.590862426470303603e+02,4.449676037574608927e+02,4.725511623022490539e+02,1.914157546320813141e+00,-3.131338620709611860e+02,-2.394531895934664192e+02,3.941962018867765778e+02,-2.488750287913477077e+00,-1.939419104971553645e-04,7.852970669389526309e-05,2.092376148801066858e-04,2.756857650894252387e+00,8.478639443484303425e-05,-9.638031985650285160e-05,1.283662679090678523e-04,-8.493069046123219445e-01,1.105798591070787299e-04,2.157038493681316663e-05,1.126640437161017199e-04,1.926469821413336614e-01,9.768312677096142524e-03,-3.740496745984321029e-03,1.045998319617371525e-02,-3.656973788693748117e-01,1.575330322952144257e+01,-3.841855755980796427e-01,1.575798721911362499e+01,-2.438278700086794759e-02,1.576295511361759161e+01,-6.498702796346100818e-01,1.577634575224172053e+01,-4.120435858918157501e-02,-9.059657036758731627e-23,-1.012056139199503410e-21,1.016103029940258558e-21,-1.660075695440713206e+00,-2.154475168789781492e+01,-4.392390963305870599e+01,4.892326811187375313e+01,-2.026816451877745173e+00,-3.656973788693748117e-01
9.220000000000000000e+09,-7.272184420727705323e-01,-7.388028161539207835e-03,7.272559696907707760e-01,-3.131433706052400900e+00,3.578027916504550490e+02,-2.623799300339670140e+02,4.436959154618040202e+02,-6.327328706115760149e-01,-6.513712493935456394e+01,4.802390865425934976e+02,4.846363846108025086e+02,1.705608424677274693e+00,-3.803042129245677643e+02,-1.147668636654994287e+02,3.972439141935220164e+02,-2.848506866197410226e+00,-1.769623189782373147e-04,1.356700205475387211e-04,2.229843420815125221e-04,2.487513810891680777e+00,6.299110024340090833e-05,-1.174306915436462056e-04,1.332585683034796917e-04,-1.078446051455765442e+00,1.165270672435702947e-04,-1.476859301447783480e-05,1.174592216048396775e-04,-1.260674557396855022e-01,8.975908374348471816e-03,-6.609964227906200279e-03,1.114713228767375171e-02,-6.347477464203833408e-01,1.579649212102507327e+01,-3.545718690190131639e-01,1.580047102272292570e+01,-2.244247240937617682e-02,1.578299207735527609e+01,-6.358382126337708273e-01,1.579579466650870145e+01,-4.026451757403597120e-02,-1.360823764015996990e-21,6.561429016102937417e-22,1.510749755599596770e-21,2.692313792847036868e+00,1.820015632003663564e+00,-2.268286142894555990e+00,2.908191693610508555e+00,-8.946090145457075149e-01,-6.347477464203833408e-01
9.360000000000000000e+09,-7.266959179636887090e-01,-7.137054165190475329e-03,7.267309644753311426e-01,-3.131771730519024910e+00,2.821772940097453670e+02,-3.551765243594947492e+02,4.536236200979321325e+02,-8.994360971335425559e-01,3.977233514608656151e+01,4.944050875467467563e+02,4.960022472076905728e+02,1.490524351674660908e+00,-3.955093451891398217e+02,3.219270645880325077e+01,3.968173540573607738e+02,3.060376132789910386e+00,-1.402445200515332576e-04,1.888245090279138750e-04,2.352088871920396569e-04,2.209624596102815364e+00,3.483661865961421613e-05,-1.329645588020698932e-04,1.374524059340704403e-04,-1.314556495477336551e+00,1.090585246796159960e-04,-5.303568309351345173e-05,1.212705466570098296e-04,-4.526315383522286906e-01,7.194757166961517937e-03,-9.300012094779231200e-03,1.175817824556951198e-02,-9.123434947603850098e-01,1.584495657391023293e+01,-3.310367608232043790e-01,1.584841424768160856e+01,-2.088920897844161531e-02,1.580467879910120033e+01,-6.257973901765442326e-01,1.581706339104420245e+01,-3.957503088700809607e-02,4.914606263502005447e-23,1.287722463704459857e-21,1.288659954759830797e-21,1.532649736045668787e+00,-4.978569444684022294e+00,2.018538494109610171e-01,4.982659800956051654e+00,3.101070299909458594e+00,-9.123434947603850098e-01
9.500000000000000000e+09,-7.261335211882593565e-01,-6.967663634781583876e-03,7.261669497641625171e-01,-3.131997380001330100e+00,1.786998672036694131e+02,-4.224978564956393825e+02,4.587353063390902435e+02,-1.170654496836259550e+00,1.500893838527520074e+02,4.836422684781968542e+02,5.063957612421681347e+02,1.269888337446545723e+00,-3.505658476591299291e+02,1.785829019574586880e+02,3.934313998863227084e+02,2.670442801870085869e+00,-8.481302547220563267e-05,2.303324964993853636e-04,2.454512339210955930e-04,1.923609654261688950e+00,1.928187847942936646e-06,-1.407929473697901905e-04,1.408061502117342390e-04,-1.557101980961886900e+00,8.743773883117492043e-05,-8.775929530300601792e-05,1.238832195415867123e-04,-7.872335603968683149e-01,4.468296333955466652e-03,-1.142761213363963774e-02,1.227012596532520324e-02,-1.198064977161728883e+00,1.589787454769104436e+01,-3.144045335391557616e-01,1.590098315654829797e+01,-1.977393602153566451e-02,1.582731487821863148e+01,-6.197073927292294782e-01,1.583944233572899840e+01,-3.913430710181668021e-02,5.992293300353935988e-22,2.822235554974180344e-21,2.885149791212769434e-21,1.361579000743191825e+00,1.158741106607215743e+00,4.430379612913800669e-01,1.240549711735300598e+00,3.651938384690453510e-01,-1.198064977161728883e+00
9.640000000000000000e+09,-7.255431738961480859e-01,-6.883827972799955522e-03,7.255758294450382895e-01,-3.132105111464793090e+00,5.683217360898045456e+01,-4.547283654240943633e+02,4.582660605787755799e+02,-1.446460542830323881e+00,2.587472244918102433e+02,4.458049344368060929e+02,5.154533594326651382e+02,1.044909849783432598e+00,-2.481764027901303393e+02,2.982149369273471962e+02,3.879738077608212734e+02,2.264869205832325871e+00,-1.504056415773548966e-05,2.527943913503515722e-04,2.532414319742677406e-04,1.630223492940180430e+00,-3.326704698910984686e-05,-1.392466365138419202e-04,1.431653666072687148e-04,-1.805307924591305957e+00,5.340942191282047980e-05,-1.131405699676664114e-04,1.251133682772152486e-04,-1.129747442220688569e+00,1.007118746185342020e-03,-1.261936032407503724e-02,1.265948431642289172e-02,-1.491157686999111220e+00,1.595428434215043545e+01,-3.054053952675992445e-01,1.595720719065981008e+01,-1.914019413351522592e-02,1.585031338627437414e+01,-6.174004309746290442e-01,1.586233330047241985e+01,-3.893225634705663185e-02,-4.021118736525520366e-22,-2.546694957576386814e-21,2.578245365724015080e-21,-1.727399024986075116e+00,4.532288083376428967e-01,2.133265816432037276e+00,2.180880417690205686e+00,1.361451379924499161e+00,-1.491157686999111220e+00
9.780000000000000000e+09,-7.249367651012832425e-01,-6.887955655837509593e-03,7.249694871707565991e-01,-3.132091482284373285e+00,-7.020121538758644419e+01,-4.461165789808626414e+02,4.516062584635896542e+02,-1.726877110341814792e+00,3.577718285354681598e+02,3.810919966230831051e+02,5.227157843262248207e+02,8.169498895508726655e-01,-1.033715167482711195e+02,3.671357863294261961e+02,3.814110067611633212e+02,1.845252960726093239e+00,6.143865458767615404e-05,2.506916893820687804e-04,2.581105023101141647e-04,1.330456839109767753e+00,-6.761646940837376819e-05,-1.275598272212886909e-04,1.443727690943779523e-04,-2.058214644285498718e+00,1.134261810942155388e-05,-1.242858987511292308e-04,1.248024022763669506e-04,-1.479786127798634388e+00,-2.813692564947736612e-03,-1.259228629862068141e-02,1.290281132453204201e-02,-1.790630898091225109e+00,1.601308127976180629e+01,-3.046436763666131031e-01,1.601597889115143047e+01,-1.902238082446066139e-02,1.587322349788730236e+01,-6.186461147562957175e-01,1.588527454056695376e+01,-3.895447962138453429e-02,-1.639927667409927947e-22,7.483042487981020883e-23,1.802587585418766481e-22,2.713509360599658304e+00,-9.136264154519946334e-02,4.325344433071766304e+00,4.326309235014879739e+00,1.591915814266466445e+00,-1.790630898091225109e+00
9.920000000000000000e+09,-7.243260767269564804e-01,-6.981121413629029319e-03,7.243597182911655219e-01,-3.131954859943217873e+00,-1.872177327146765720e+02,-3.964092731143808805e+02,4.383957016827330904e+02,-2.012026269183041283e+00,4.392129403158789955e+02,2.924477690849924443e+02,5.276681765880040302e+02,5.874335871433411516e-01,5.819571867118370534e+01,3.698596673547439764e+02,3.744100896175441449e+02,1.414730466110487139e+00,1.346904629292494584e-04,2.219610975600425215e-04,2.596309874305342629e-04,1.025377107580865976e+00,-9.771142129750213362e-05,-1.061659321926636886e-04,1.442869606385664227e-04,-2.314749624002024220e+00,-3.230568858008988226e-05,-1.184996884342868096e-04,1.228244017842415397e-04,-1.836950911227052119e+00,-6.500855493879855243e-03,-1.123328103134735474e-02,1.297874126722372776e-02,-2.095417196169045759e+00,1.607302884203377857e+01,-3.125551711543090860e-01,1.607606751951064084e+01,-1.944349046734561090e-02,1.589572013492537472e+01,-6.232205355638855693e-01,1.590793268919065184e+01,-3.918674282303995920e-02,8.659132229989780397e-22,-1.849313158468466689e-21,2.042000212499766920e-21,-1.132882042460822580e+00,8.964894686944210989e+00,-1.178345932441470367e+01,1.480605451827516283e+01,-9.204168860449442047e-01,-2.095417196169045759e+00
1.006000000000000000e+10,-7.237227987768776183e-01,-7.163231953678564010e-03,7.237582478711099832e-01,-3.131695220397409329e+00,-2.796437089461838355e+02,-3.115329118178374301e+02,4.186327257858354187e+02,-2.302304796363733530e+00,4.962515479255433206e+02,1.855259616900232515e+02,5.297975851959932925e+02,3.577661727443001705e-01,2.053293122967597526e+02,3.043250336015900075e+02,3.671155847480043803e+02,9.772500487577713280e-01,1.942609272258343346e-04,1.690042407527132535e-04,2.574873613190402084e-04,7.159830101754848242e-01,-1.203982734928293441e-04,-7.679718530244941362e-05,1.428059940283771332e-04,-2.573799438053202326e+00,-7.021270255185734551e-05,-9.622797320141879740e-05,1.191203023253742870e-04,-2.201145462213859982e+00,-9.530548802233921452e-03,-8.651257925193407000e-03,1.287150434719983201e-02,-2.404517869632495142e+00,1.613279273163786343e+01,-3.293644120298429012e-01,1.613615450588829958e+01,-2.041299783399665169e-02,1.591756075319817754e+01,-6.309623599005839134e-01,1.593006132541134434e+01,-3.961864558414934789e-02,-2.073947077730059785e-21,-1.902543770074227331e-21,2.814414553379318756e-21,-2.399271987008771756e+00,-1.517750047802033375e+00,2.649950102981613598e-01,1.540710084047611117e+00,2.968737779662729448e+00,-2.404517869632495142e+00
1.020000000000000000e+10,-7.231385825511417176e-01,-7.433121054536713686e-03,7.231767839627359917e-01,-3.131314043842302830e+00,-3.362638437180343089e+02,-2.029563768242142885e+02,3.927654051538132194e+02,-2.598557499760353551e+00,5.242422006503568355e+02,6.814588009049930406e+01,5.286527649753074911e+02,1.292644882316071331e-01,3.087006511777308901e+02,1.836500371202588724e+02,3.591983131528147055e+02,5.366706790876379918e-01,2.313864704182127488e-04,9.868520504694447892e-05,2.515521186310223163e-04,4.031363623918869932e-01,-1.333339087807528726e-04,-4.231778088388122021e-05,1.398882618724327145e-04,-2.834266341189837224e+00,-9.583700259335840030e-05,-6.126903547343796105e-05,1.137480803087453674e-04,-2.572772958105227659e+00,-1.145854556870561265e-02,-5.179340817865765723e-03,1.257473013061168737e-02,-2.717071102864876408e+00,1.619099726167964093e+01,-3.550581062556092959e-01,1.619488989115194499e+01,-2.192583949758922929e-02,1.593851937848469369e+01,-6.418001618012988407e-01,1.595143590483377949e+01,-4.024549591166712292e-02,-2.097563038982153680e-21,-1.986194894500872366e-21,2.888726512054296004e-21,-2.383458728224463030e+00,5.371334302202032118e-01,3.094327847433719025e+00,3.140601399296624407e+00,1.398922521333385793e+00,-2.717071102864876408e+00
1.034000000000000000e+10,-7.225851040324955399e-01,-7.788596222822624995e-03,7.226270786517583478e-01,-3.130814276665380369e+00,-3.514149216662756317e+02,-8.575838687815254957e+01,3.617277264596364148e+02,-2.902233666174331983e+00,5.214324643261761594e+02,-5.067994108746466253e+01,5.238895601955605343e+02,-9.688935466920910178e-02,3.484357437215995787e+02,3.364308671198934775e+01,3.500561737583478816e+02,9.625625106508048368e-02,2.410037611755823860e-04,2.116312150345509772e-05,2.419311691629401372e-04,8.758774252483893241e-02,-1.354164817429136193e-04,-6.300048000568316208e-06,1.355629526546184543e-04,-3.095102680848288657e+00,-1.050153986215876393e-04,-2.007611587993142924e-05,1.069171846639977092e-04,-2.952698755895782678e+00,-1.202159401822465619e-02,-1.318808194025211785e-03,1.209371645903949827e-02,-3.032326317142635563e+00,1.624629147735505796e+01,-3.893886324623544448e-01,1.625095721101592616e+01,-2.396325932359923486e-02,1.595831553629751376e+01,-6.557431888621798599e-01,1.597178242669783366e+01,-4.106789924898315847e-02,9.891926632465384370e-22,6.709857689709855753e-22,1.195292444208681625e-21,5.960246110904988681e-01,1.892172596490146130e+00,-1.276695731450203652e+01,1.290641376235960180e+01,-1.423658839318598046e+00,-3.032326317142635563e+00
1.048000000000000000e+10,-7.220741474855905118e-01,-8.226459730344236679e-03,7.221210072465260588e-01,-3.130200327932766147e+00,-3.260066413398139957e+02,2.414675369411650863e+01,3.268996725474506206e+02,3.067659370758685000e+00,4.891854319061897058e+02,-1.619318931560744659e+02,5.152905246658002625e+02,-3.196703014856701608e-01,3.193977554848673890e+02,-1.134809423845453296e+02,3.389584790107124945e+02,-3.413855954283374072e-01,2.229278481346305490e-04,-5.218244749797072956e-05,2.289537798351784764e-04,-2.299377900339768244e-01,-1.269695834603667961e-04,2.755831196825051451e-05,1.299258853448321421e-04,2.927861175949951544e+00,-9.699685244249033858e-05,1.970235717073496275e-05,9.897763515983524748e-05,2.941195371873352116e+00,-1.119832179514310480e-02,2.363033456949255404e-03,1.144492630584568842e-02,2.933626854760700731e+00,1.629740417130349783e+01,-4.319106803378982007e-01,1.630312637375453377e+01,-2.649560638609767260e-02,1.597655650998268051e+01,-6.728389430165649943e-01,1.599071825028224403e+01,-4.208926891092613226e-02,-1.037167249775520988e-21,-1.049422708978480933e-21,1.475467358543268945e-21,-2.350321118556599753e+00,4.491496346660208139e-01,2.226138246578654167e-01,5.012906434888075857e-01,4.601487031832687813e-01,-3.349558452418885501e+00
1.062000000000000000e+10,-7.216177462911381735e-01,-8.742495133299178420e-03,7.216707025946510479e-01,-3.129478113052110988e+00,-2.671178001428492053e+02,1.129029795685987665e+02,2.899982792166576928e+02,2.741696241602645134e+00,4.316814783302211822e+02,-2.577128846623595564e+02,5.027572273516909718e+02,-5.382090621522248597e-01,2.323906121483735774e+02,-2.273092587461725600e+02,3.250767535927942049e+02,-7.743449811196899679e-01,1.818321314764047584e-04,-1.111460676637185640e-04,2.131111737904900418e-04,-5.486552333252576741e-01,-1.096369399864911696e-04,5.602529174716864619e-05,1.231222641318654185e-04,2.669177921706140211e+00,-7.457896502670754134e-05,5.101846652855129653e-05,9.035986914211294207e-05,2.541626892592806719e+00,-9.210795250659736810e-03,5.352187913786152218e-03,1.065291812669441965e-02,2.615202801209773220e+00,1.634316785694948848e+01,-4.820396938309069457e-01,1.635027516180861085e+01,-2.948632651060944729e-02,1.599270487919203809e+01,-6.931095984932811316e-01,1.600771720978529444e+01,-4.331200639127248675e-02,-5.440768178095648818e-22,-6.700463041598927468e-22,8.631231855280646654e-22,-2.252810928897836629e+00,-6.360503251008151437e+01,-4.389229481295369339e+01,7.727958142068168002e+01,-2.537558313698475843e+00,-3.667982505969813012e+00
1.076000000000000000e+10,-7.212284139119862214e-01,-9.331361426721147823e-03,7.212887766630473596e-01,-3.128655225415374996e+00,-1.863541592720920903e+02,1.710143264894888091e+02,2.529303709376589211e+02,2.399092570336048169e+00,3.552216968189157456e+02,-3.320979332259814214e+02,4.862833445059352471e+02,-7.517674564050423891e-01,1.109352667939476618e+02,-2.868254384060385860e+02,3.075312431858925493e+02,-1.201747521297026777e+00,1.260692697531830091e-04,-1.487330902821625922e-04,1.949743391346224237e-04,-8.676850990742537295e-01,-8.603665006886774169e-05,7.679225721102975698e-05,1.153228334833902342e-04,2.412907268358719381e+00,-4.332257794891213347e-05,6.902216205279799695e-05,8.149174568373337133e-05,2.131307492163273754e+00,-6.467961400888746180e-03,7.290720963191369211e-03,9.746237060861221921e-03,2.296466318408231899e+00,1.638250164247588003e+01,-5.391100087312945544e-01,1.639136967026365355e+01,-3.289580208253459204e-02,1.600607364986715098e+01,-7.164810425824857942e-01,1.602210157155894521e+01,-4.473321110792660704e-02,-7.493271091161821400e-22,-1.163190521812643245e-21,1.383655776011932865e-21,-2.143083270079428893e+00,2.785475410542147312e+00,3.454649284680909815e+00,4.437733086034047147e+00,8.922271665259380313e-01,-3.986718988771354333e+00
1.090000000000000000e+10,-7.209194580882906100e-01,-9.986293254219328133e-03,7.209886206475618620e-01,-3.127741377300303771e+00,-9.747052298949058979e+01,1.945946338437317706e+02,2.176409299112206384e+02,2.035155751489908127e+00,2.673349672140714688e+02,-3.815961602462196538e+02,4.659223263699725521e+02,-9.596876592122632887e-01,-1.526156037090098039e+01,-2.851739296530155343e+02,2.855820116511152378e+02,-1.624261997718269290e+00,6.572508395372740478e-05,-1.623270254209452216e-04,1.751280955264937326e-04,-1.186078935606246221e+00,-5.928488727142595824e-05,8.871620296848787830e-05,1.067017456648747698e-04,2.159896501256437062e+00,-1.011411214797226633e-05,7.202463944856756948e-05,7.273131342302239079e-05,1.710309784161452074e+00,-3.469949970970219975e-03,8.037042120852808114e-03,8.754118965001471062e-03,1.978365858657614718e+00,1.641435663524795174e+01,-6.024077663823549367e-01,1.642540711416634025e+01,-3.668358975828381330e-02,1.601584432226347943e+01,-7.427133863129645741e-01,1.603305624418463182e+01,-4.634046456995252056e-02,1.361013714841280658e-21,7.528702845234272909e-22,1.555368765696562739e-21,5.052727931538494310e-01,-3.519705439972475175e-02,1.855339724326174000e+00,1.855673550304886010e+00,1.589764730550272898e+00,-4.304819448521971736e+00
1.104000000000000000e+10,-7.207053029634363783e-01,-1.069848291560939260e-02,7.207847052042060110e-01,-3.126749281211158582e+00,-1.385417279010759195e+01,1.854480699130498635e+02,1.859648481250518159e+02,1.645364291355405628e+00,1.758841910102809436e+02,-4.052409683425019580e+02,4.417640672016112262e+02,-1.161307405240544544e+00,-1.181100554648785277e+02,-2.304239817287431435e+02,2.589308721602058085e+02,-2.044454913071390934e+00,1.046366954583650119e-05,-1.537870008327598423e-04,1.541425638994620530e-04,-1.502861018843877794e+00,-3.250862463670907746e-05,9.183891344876874308e-05,9.742277300108473533e-05,1.911007420713542349e+00,1.849235126323046591e-05,6.162362269523046464e-05,6.433846384027850274e-05,1.279261158778773222e+00,-7.008136686739838053e-04,7.673126807200050456e-03,7.705064230593560055e-03,1.661877146470976951e+00,1.643763943053760812e+01,-6.711577555993347710e-01,1.645133559262790968e+01,-4.080787641373700980e-02,1.602110260193602187e+01,-7.713342267576593914e-01,1.603965975546641687e+01,-4.810774308216243106e-02,-7.826586681722734957e-22,3.488798831933935490e-22,8.568965887213186599e-22,2.722268219737729034e+00,4.821361709437506082e-01,-2.310796370545025624e+00,2.360558229202653013e+00,-1.365102228238959992e+00,-4.621308160708609059e+00
1.118000000000000000e+10,-7.206016518688502792e-01,-1.145602681505612092e-02,7.206927092919026556e-01,-3.125696129079049701e+00,5.363174111144093104e+01,1.501466288398491145e+02,1.594376800088863320e+02,1.227725457498686223e+00,8.829988087893002557e+01,-4.044043776311307852e+02,4.139320833306539953e+02,-1.355824676206942137e+00,-1.780235030385015307e+02,-1.424067252328651705e+02,2.279737770570293378e+02,-2.466893078874811795e+00,-3.231305797691724676e-05,-1.285799989305408007e-04,1.325780895955190771e-04,-1.817004759387216728e+00,-8.435602429135486720e-06,8.722976541168714403e-05,8.763670099975470274e-05,1.667202094751361274e+00,3.771824525087285349e-05,4.203671547495176796e-05,5.647788481102175454e-05,8.394920680056068285e-01,1.464132141086833556e-03,6.463324044331924742e-03,6.627083870647986624e-03,1.348026771474981622e+00,1.645113766996336935e+01,-7.444503392698794686e-01,1.646797306725168397e+01,-4.522135946620371716e-02,1.602089215027334035e+01,-8.015707172444145323e-01,1.604093204603253753e+01,-4.999115275393295477e-02,3.040479690250914092e-24,-4.816433670588343846e-22,4.816529638116201754e-22,-1.564483690701434115e+00,-1.377221155081535464e+01,-1.110991585115620905e+00,1.381695021712858207e+01,-3.061097881839119239e+00,-4.935158535704604610e+00
1.132000000000000000e+10,-7.206252056419475416e-01,-1.224237067935489073e-02,7.207291881465256456e-01,-3.124605746903149406e+00,9.813482883638657484e+01,9.841944183990578665e+01,1.389850033738370314e+02,7.868461746953987479e-01,1.098442069813452626e+01,-3.824512296671549052e+02,3.826089394825903582e+02,-1.542083118457239221e+00,-1.881616521713244197e+02,-4.671106947185397473e+01,1.938729773822201423e+02,-2.898262030041740989e+00,-5.862985717320541183e-05,-9.425597870175067604e-05,1.110029264171685836e-04,-2.127255612655116757e+00,1.089613411609457657e-05,7.671899639091237053e-05,7.748890337270715239e-05,1.429713351005867716e+00,4.546464280493909600e-05,1.887480156648540670e-05,4.922694261839648407e-05,3.935010265235002747e-01,2.818038846051697157e-03,4.779689897869948689e-03,5.548583464061473437e-03,1.038069278311606558e+00,1.645347902848792643e+01,-8.211022818338920004e-01,1.647395462838613156e+01,-4.986311145552078938e-02,1.601429622421887444e+01,-8.322773580261474402e-01,1.603590874125049126e+01,-5.192418314714478816e-02,9.314222937763004737e-22,5.683248508713438800e-22,1.091118978600152523e-21,5.478630491679763459e-01,-2.256060814738303666e+00,-9.788834833033842386e+00,1.004545159702710144e+01,-1.797313776159138454e+00,-5.245116028867979452e+00
1.146000000000000000e+10,-7.207925100163012910e-01,-1.303432409862773263e-02,7.209103523325961493e-01,-3.123511300875566388e+00,1.174981001369773281e+02,4.119514045146937065e+01,1.245104137516836005e+02,3.372115638484177724e-01,-5.113582994640959356e+01,-3.443186600394716379e+02,3.480951202698557836e+02,-1.718231772564141391e+00,-1.550853451279586750e+02,3.247756778418487045e+01,1.584495398624886491e+02,2.935158529406645567e+00,-6.826226271901795909e-05,-5.865824384198901296e-05,9.000292263113721743e-05,-2.431720119276201686e+00,2.430373446251422840e-05,6.258009286437046369e-05,6.713374361479950661e-05,1.200362730729225724e+00,4.251037447541505744e-05,-2.316292989349145327e-06,4.257343245796054213e-05,-5.443388357946946088e-02,3.340705446896438495e-03,3.013189993751108631e-03,4.498847276954991321e-03,7.338981263538132405e-01,1.644316476877741806e+01,-8.994561881818264881e-01,1.646774693294809921e+01,-5.464645603761723869e-02,1.600056650081054244e+01,-8.618657778258456137e-01,1.602376176076790770e+01,-5.381270000060985048e-02,2.286232511232581896e-22,1.252355982296542484e-21,1.273053061481769495e-21,1.390230139559798461e+00,-3.951632986147611160e+00,2.119120078007491748e-01,3.957310950160478846e+00,3.088017531650121494e+00,-5.549287180825772658e+00
1.160000000000000000e+10,-7.211173859707151745e-01,-1.380000614127329002e-02,7.212494190768797830e-01,-3.122458013170184454e+00,1.141266164518195154e+02,-1.139626098981058355e+01,1.146941992748046459e+02,-9.952636750903932905e-02,-9.496073215369480636e+01,-2.960485513005043003e+02,3.109055891718466569e+02,-1.881189133092031618e+00,-9.574642666012101699e+01,7.880678053598866484e+01,1.240076081401033008e+02,2.452937290775132784e+00,-6.423193211896277381e-05,-2.825994828896823244e-05,7.017382546954526444e-05,-2.727113194481143310e+00,3.151166317095539663e-05,4.719952399182858504e-05,5.675191609853317941e-05,9.821293685994305633e-01,3.199530352468205356e-05,-1.739485090448284678e-05,3.641813127585927890e-05,-4.979694769365519691e-01,3.175348334781890290e-03,1.490233654367237792e-03,3.507653545008522587e-03,4.387984004975818420e-01,1.641873054157321121e+01,-9.771452093113114357e-01,1.644778177618091419e+01,-5.944393781208370114e-02,1.597932224898414155e+01,-8.882623510836968883e-01,1.600399167524253485e+01,-5.553108599850675731e-02,-1.565819604274342032e-21,-1.439357152636096845e-21,2.126861548379336617e-21,-2.398251211697643104e+00,1.226334074865722101e+01,-1.006216103034963005e+00,1.230455188796745780e+01,-8.186734299698543438e-02,-5.844386906682004224e+00
1.174000000000000000e+10,-7.216064445284263718e-01,-1.449759651569945684e-02,7.217520634467828877e-01,-3.121504631222473236e+00,9.408019917350078742e+01,-5.178577411922399421e+01,1.073911089320380796e+02,-5.031831567898294999e-01,-1.194993631448746640e+02,-2.442406378050543196e+02,2.719073131555132363e+02,-2.025822309876744054e+00,-3.160711580052306147e+01,8.768753818915772058e+01,9.321005376515276453e+01,1.916751661181046451e+00,-5.162966879010236242e-05,-6.970233502316148659e-06,5.209805039012957738e-05,-3.007399584514503399e+00,3.310020920304931842e-05,3.275539551695234039e-05,4.656758298170103697e-05,7.801623063033277239e-01,1.832669973008702743e-05,-2.451917348364164722e-05,3.061139969550048801e-05,-9.289333112949590410e-01,2.571345446656804479e-03,4.118111016654778939e-04,2.604113244368918677e-03,1.588053550541047299e-01,1.637908955870390315e+01,-1.050892233523152974e+00,1.641276787316881780e+01,-6.407277723097333511e-02,1.595083171741182682e+01,-9.089485710240401417e-01,1.597670867174956477e+01,-5.692283932301058641e-02,-8.285523976425800801e-22,-8.767062213405841418e-22,1.206280595125592404e-21,-2.327963563895257604e+00,6.702097639879632140e+00,-5.307331160798953729e-01,6.723078938625071110e+00,-7.902419602033997070e-02,-6.124379952125481807e+00
1.188000000000000000e+10,-7.222291741106905416e-01,-1.511804606070538126e-02,7.223873858625327049e-01,-3.120663232433167789e+00,6.585838140101138549e+01,-7.670271670717961854e+01,1.010971470963594214e+02,-8.613199361528989240e-01,-1.267511788588190313e+02,-1.954985753108977065e+02,2.329926056566840202e+02,-2.146009581795623511e+00,1.904971912714197302e+01,6.673837985092430358e+01,6.940391303052916783e+01,1.292751435129699145e+00,-3.617884180710146828e-05,4.506490682139296098e-06,3.645842910454976028e-05,3.017669439475196835e+00,3.052407532380570627e-05,2.087586653051300956e-05,3.698000781196723419e-05,5.998487493770564560e-01,5.744512577403251214e-06,-2.447887746110268394e-05,2.514388328217471671e-05,-1.340295012412140219e+00,1.813429395060441908e-03,-1.801505465294872630e-04,1.822355725505905031e-03,-9.901758561972995309e-02,1.632556823328121354e+01,-1.118444853771635161e+00,1.636383503432031361e+01,-6.840190547587610137e-02,1.591794663101785368e+01,-9.248182560580480160e-01,1.594478954877332022e+01,-5.803385347387947368e-02,-3.223975526476235599e-22,-1.077063704294290275e-21,1.124280394323994036e-21,-1.861638392171932832e+00,3.217998499050614303e+00,-1.208650591859509227e+01,1.250756329826582203e+01,-1.310585583335851290e+00,-6.382202892799316629e+00
1.202000000000000000e+10,-7.230162968006258462e-01,-1.550476258738705745e-02,7.231825240575037173e-01,-3.120151385125954580e+00,3.633649988583665902e+01,-8.535369807943314413e+01,9.276634626732065669e+01,-1.168318733014197530e+00,-1.182456429339575692e+02,-1.545676091179855689e+02,1.946103231108652380e+02,-2.223834324386228189e+00,4.438392219783084158e+01,2.993380930512374860e+01,5.353471293636134476e+01,5.933573695456778596e-01,-2.199245661372947492e-05,7.446015504010268438e-06,2.321877031181312614e-05,2.815135324306135001e+00,2.496117090722635982e-05,1.256436998904679414e-05,2.794500753768771603e-05,4.663292778604428701e-01,-2.795131260909674032e-06,-1.945170332599388785e-05,1.965150175045653341e-05,-1.713515329410468135e+00,1.108301982315826459e-03,-3.443666668473562269e-04,1.160569552091019136e-03,-3.012583580221300794e-01,1.625630567871166221e+01,-1.170093889323461145e+00,1.629836169771505539e+01,-7.185393116166802208e-02,1.587884122440582502e+01,-9.243576684947431010e-01,1.590572336390882136e+01,-5.814754535463347029e-02,-2.991301001615637796e-22,8.650562373586512501e-23,3.113872825929123651e-22,2.860081970572720067e+00,-1.423234748819323991e+00,-5.702491185946861663e+00,5.877414642174605852e+00,-1.815380812084131268e+00,-6.584443665201716200e+00
1.216000000000000000e+10,-7.238814319677169262e-01,-1.566904539338517810e-02,7.240509971895434660e-01,-3.119950160526888894e+00,1.337584881534294645e+01,-8.241418653939888372e+01,8.349258335015001364e+01,-1.409898971642689514e+00,-1.010309073936053892e+02,-1.263250121048925507e+02,1.617567709002516949e+02,-2.245396779870862503e+00,4.626185180707447131e+01,-4.382117571332839745e+00,4.646893464486466740e+01,-9.444242004886575781e-02,-1.216930692976315523e-05,5.408192185944944108e-06,1.331692809438038130e-05,2.723394994779588352e+00,1.874943579258066462e-05,8.074261029261845744e-06,2.041408909818808110e-05,4.066382427592582505e-01,-6.450234389355467337e-06,-1.316884688977256876e-05,1.466369844493184441e-05,-2.026258846568333993e+00,6.149600701612596221e-04,-2.547292930255436964e-04,6.656297023255757818e-04,-3.927053160067308091e-01,1.617582569176869001e+01,-1.203961162733953039e+00,1.622056901874455548e+01,-7.429267117553574329e-02,1.584075083199762979e+01,-9.109705773606412427e-01,1.586692327813588399e+01,-5.744477194781431179e-02,-4.858038593009553374e-22,8.743372976839611152e-22,1.000235522181148097e-21,2.077948068938398229e+00,3.867100944323568212e-01,5.612131450598728533e-01,6.815459568685564573e-01,9.674497593534947537e-01,-6.675890623186316652e+00
1.230000000000000000e+10,-7.247369195030258782e-01,-1.561166441636306981e-02,7.249050465796086362e-01,-3.120054837652789015e+00,-1.180625827469239386e+00,-7.392569897251888733e+01,7.393512592753167212e+01,-1.586765407702242614e+00,-8.069654456346339089e+01,-1.106272086603575246e+02,1.369317771755895876e+02,-2.201012403485209656e+00,3.392859082102641821e+01,-2.686205849886562902e+01,4.327492879135813553e+01,-6.696738060851964436e-01,-6.629079179937852401e-06,1.681509708768461721e-06,6.839017888159681552e-06,2.893175453338583392e+00,1.315122240953236005e-05,6.560891120552719618e-06,1.469693652298783182e-05,4.627517729662188328e-01,-6.483215827619248799e-06,-8.070420679617721648e-06,1.035199388588952425e-05,-2.247564821299643523e+00,3.334003290956464856e-04,-7.547647795323666076e-05,3.418369174991355160e-04,-2.226312991878568737e-01,1.609182522175353824e+01,-1.217974267034602986e+00,1.613785302580928160e+01,-7.554496511440772499e-02,1.580808388730413760e+01,-8.870221598007695940e-01,1.583295059362032831e+01,-5.605315461134150606e-02,-1.998799579894677781e-22,-2.332569262735796680e-22,3.071820164991264511e-22,-2.279287768002786763e+00,5.014163319846274280e-01,-1.379422382070423447e+00,1.467727647125909751e+00,-1.222148138169925069e+00,-6.505816606367442745e+00
1.244000000000000000e+10,-7.255118259212345322e-01,-1.532009591705800478e-02,7.256735594538853418e-01,-3.120479531900816283e+00,-7.801555271056171748e+00,-6.499547276832772980e+01,6.546201757527624920e+01,-1.690257081814282580e+00,-6.241331385858226355e+01,-1.060867463222480183e+02,1.230846029853080381e+02,-2.102585838056430401e+00,1.883308084117026482e+01,-3.529729790978284854e+01,4.000730150487552095e+01,-1.080665753724229461e+00,-4.217170531936340690e-06,-1.663483380552335887e-06,4.533398752901189907e-06,-2.765875697357935703e+00,9.040096007104950432e-06,7.061084942262190416e-06,1.147093092907095723e-05,6.631006290706497053e-01,-4.869160398448573006e-06,-5.288800688216014615e-06,7.188889740807968162e-06,-2.314906498858985806e+00,2.085467804328184596e-04,8.861421270231050612e-05,2.265926704943134874e-04,4.017968521339426169e-01,1.601004705457913602e+01,-1.210456293234984049e+00,1.605574075300389936e+01,-7.546247268089033289e-02,1.578486506551837820e+01,-8.527742565638884997e-01,1.580788376315060795e+01,-5.397233645317812273e-02,-5.951989632206921394e-23,-5.517467147393906045e-22,5.549477950977914568e-22,-1.678256169926257479e+00,-3.071161725170338386e+01,1.359296342803796875e+01,3.358529572552701126e+01,2.724909539577897721e+00,-5.881388455045643227e+00
1.258000000000000000e+10,-7.261347712974055568e-01,-1.484028434245165083e-02,7.262864036497587161e-01,-3.121158129237904255e+00,-9.375593586373920374e+00,-5.892015764213459761e+01,5.966143420729045488e+01,-1.728597047307532719e+00,-4.958988714746080007e+01,-1.092497969245252989e+02,1.199778105957427243e+02,-1.996899416667168525e+00,8.914139054814709695e+00,-3.487325668002000612e+01,3.599452606382160269e+01,-1.320539668757093388e+00,-3.348796517746676895e-06,-3.931761321622582740e-06,5.164608911377475464e-06,-2.276293511866452679e+00,6.615930947909799119e-06,8.476383828004147979e-06,1.075265665345829286e-05,9.080509288656062328e-01,-3.373110037630681498e-06,-4.459080134902823983e-06,5.591177601851853725e-06,-2.218418215862016929e+00,1.621410455139550501e-04,2.008651846550735622e-04,2.581405451432906080e-04,8.916724903076826969e-01,1.593703165159290869e+01,-1.183802485142817718e+00,1.598093758787964624e+01,-7.414382263188107336e-02,1.577419551537177611e+01,-8.123614258792078990e-01,1.579509972249088179e+01,-5.145393231791190597e-02,4.431708894152342236e-22,-9.860200933303785313e-22,1.081034718071689944e-21,-1.148396366591590834e+00,1.421837097420737939e+00,-6.448419951738073586e-01,1.561230902314441726e+00,-4.257833888258681920e-01,-5.391512816871903979e+00
1.272000000000000000e+10,-7.265644426087675134e-01,-1.424209926084134617e-02,7.267040158515326587e-01,-3.121993186935499764e+00,-9.201987230144473173e+00,-5.652966075382486366e+01,5.727372097154391639e+01,-1.732162550362652098e+00,-4.340895786320882621e+01,-1.162953547117563744e+02,1.241327803213279992e+02,-1.928044825045919231e+00,5.856375767159366141e+00,-3.284494536265685838e+01,3.336296708930555610e+01,-1.394346923626783141e+00,-2.956303865079984382e-06,-5.422013005481616567e-06,6.175593702171366651e-06,-2.069978464313105615e+00,5.598869156237898742e-06,9.992066509295621243e-06,1.145376483759201648e-05,1.060055715576599056e+00,-2.789186047784182478e-06,-4.495111996170034515e-06,5.290140892950366806e-06,-2.126148169975830449e+00,1.404841554226944817e-04,2.748477256562777897e-04,3.086698401581475021e-04,1.098280845302189057e+00,1.587735813113987327e+01,-1.142714618146887018e+00,1.591842636453113968e+01,-7.184744964748646101e-02,1.577693208939938607e+01,-7.707847483701113500e-01,1.579574927889905567e+01,-4.881635904948192911e-02,-1.610372491233087383e-22,7.023622348742774247e-22,7.205870555198672161e-22,1.796180289214358572e+00,-4.027653014549663069e-01,3.056350310150507177e+00,3.082774254857661766e+00,1.701821174326165309e+00,-5.184904461877397175e+00
1.286000000000000000e+10,-7.267958688284293922e-01,-1.359820585918551997e-02,7.269230675585005574e-01,-3.122885035589448854e+00,-9.677966468632071440e+00,-5.695753554209397151e+01,5.777390319163890808e+01,-1.739104327896168867e+00,-4.343757665122667788e+01,-1.241856989130171200e+02,1.315633341012826918e+02,-1.907274444882847364e+00,6.611726107876674696e+00,-3.423538767750411438e+01,3.486798949688063942e+01,-1.380019523869932430e+00,-2.726669316697304790e-06,-6.705135804328266181e-06,7.238340397985121884e-06,-1.957025591576119661e+00,5.532566715283218850e-06,1.119112024195687908e-05,1.248400843996016949e-05,1.111661948176495329e+00,-2.988561546028123735e-06,-4.417381949445357115e-06,5.333363235490685534e-06,-2.165607234742205289e+00,1.272002584627491433e-04,3.386869146255767080e-04,3.617854777234471111e-04,1.211527023142685566e+00,1.583290741442703897e+01,-1.092644883872030404e+00,1.587056489341417276e+01,-6.890176354848367990e-02,1.579164828803988563e+01,-7.325572402004639772e-01,1.580863042022689413e+01,-4.635567064064655823e-02,-5.444106537393347531e-22,7.222455261990679201e-22,9.044454433626487571e-22,2.216709089494317109e+00,1.141455024709373545e+00,6.869739737615854658e+00,6.963924442152760186e+00,1.406143627673073215e+00,-5.071658284036900888e+00
